DateKey,Date,Day,WeekNo,Month,MonthNo,Quarter,Year
20190101,2019-01-01,Tue,1,Jan,1,1,2019
20190102,2019-01-02,Wed,1,Jan,1,1,2019
20190103,2019-01-03,Thu,1,Jan,1,1,2019
20190104,2019-01-04,Fri,1,Jan,1,1,2019
20190105,2019-01-05,Sat,1,Jan,1,1,2019
20190106,2019-01-06,Sun,2,Jan,1,1,2019
20190107,2019-01-07,Mon,2,Jan,1,1,2019
20190108,2019-01-08,Tue,2,Jan,1,1,2019
20190109,2019-01-09,Wed,2,Jan,1,1,2019
20190110,2019-01-10,Thu,2,Jan,1,1,2019
20190111,2019-01-11,Fri,2,Jan,1,1,2019
20190112,2019-01-12,Sat,2,Jan,1,1,2019
20190113,2019-01-13,Sun,3,Jan,1,1,2019
20190114,2019-01-14,Mon,3,Jan,1,1,2019
20190115,2019-01-15,Tue,3,Jan,1,1,2019
20190116,2019-01-16,Wed,3,Jan,1,1,2019
20190117,2019-01-17,Thu,3,Jan,1,1,2019
20190118,2019-01-18,Fri,3,Jan,1,1,2019
20190119,2019-01-19,Sat,3,Jan,1,1,2019
20190120,2019-01-20,Sun,4,Jan,1,1,2019
20190121,2019-01-21,Mon,4,Jan,1,1,2019
20190122,2019-01-22,Tue,4,Jan,1,1,2019
20190123,2019-01-23,Wed,4,Jan,1,1,2019
20190124,2019-01-24,Thu,4,Jan,1,1,2019
20190125,2019-01-25,Fri,4,Jan,1,1,2019
20190126,2019-01-26,Sat,4,Jan,1,1,2019
20190127,2019-01-27,Sun,5,Jan,1,1,2019
20190128,2019-01-28,Mon,5,Jan,1,1,2019
20190129,2019-01-29,Tue,5,Jan,1,1,2019
20190130,2019-01-30,Wed,5,Jan,1,1,2019
20190131,2019-01-31,Thu,5,Jan,1,1,2019
20190201,2019-02-01,Fri,5,Feb,2,1,2019
20190202,2019-02-02,Sat,5,Feb,2,1,2019
20190203,2019-02-03,Sun,6,Feb,2,1,2019
20190204,2019-02-04,Mon,6,Feb,2,1,2019
20190205,2019-02-05,Tue,6,Feb,2,1,2019
20190206,2019-02-06,Wed,6,Feb,2,1,2019
20190207,2019-02-07,Thu,6,Feb,2,1,2019
20190208,2019-02-08,Fri,6,Feb,2,1,2019
20190209,2019-02-09,Sat,6,Feb,2,1,2019
20190210,2019-02-10,Sun,7,Feb,2,1,2019
20190211,2019-02-11,Mon,7,Feb,2,1,2019
20190212,2019-02-12,Tue,7,Feb,2,1,2019
20190213,2019-02-13,Wed,7,Feb,2,1,2019
20190214,2019-02-14,Thu,7,Feb,2,1,2019
20190215,2019-02-15,Fri,7,Feb,2,1,2019
20190216,2019-02-16,Sat,7,Feb,2,1,2019
20190217,2019-02-17,Sun,8,Feb,2,1,2019
20190218,2019-02-18,Mon,8,Feb,2,1,2019
20190219,2019-02-19,Tue,8,Feb,2,1,2019
20190220,2019-02-20,Wed,8,Feb,2,1,2019
20190221,2019-02-21,Thu,8,Feb,2,1,2019
20190222,2019-02-22,Fri,8,Feb,2,1,2019
20190223,2019-02-23,Sat,8,Feb,2,1,2019
20190224,2019-02-24,Sun,9,Feb,2,1,2019
20190225,2019-02-25,Mon,9,Feb,2,1,2019
20190226,2019-02-26,Tue,9,Feb,2,1,2019
20190227,2019-02-27,Wed,9,Feb,2,1,2019
20190228,2019-02-28,Thu,9,Feb,2,1,2019
20190301,2019-03-01,Fri,9,Mar,3,1,2019
20190302,2019-03-02,Sat,9,Mar,3,1,2019
20190303,2019-03-03,Sun,10,Mar,3,1,2019
20190304,2019-03-04,Mon,10,Mar,3,1,2019
20190305,2019-03-05,Tue,10,Mar,3,1,2019
20190306,2019-03-06,Wed,10,Mar,3,1,2019
20190307,2019-03-07,Thu,10,Mar,3,1,2019
20190308,2019-03-08,Fri,10,Mar,3,1,2019
20190309,2019-03-09,Sat,10,Mar,3,1,2019
20190310,2019-03-10,Sun,11,Mar,3,1,2019
20190311,2019-03-11,Mon,11,Mar,3,1,2019
20190312,2019-03-12,Tue,11,Mar,3,1,2019
20190313,2019-03-13,Wed,11,Mar,3,1,2019
20190314,2019-03-14,Thu,11,Mar,3,1,2019
20190315,2019-03-15,Fri,11,Mar,3,1,2019
20190316,2019-03-16,Sat,11,Mar,3,1,2019
20190317,2019-03-17,Sun,12,Mar,3,1,2019
20190318,2019-03-18,Mon,12,Mar,3,1,2019
20190319,2019-03-19,Tue,12,Mar,3,1,2019
20190320,2019-03-20,Wed,12,Mar,3,1,2019
20190321,2019-03-21,Thu,12,Mar,3,1,2019
20190322,2019-03-22,Fri,12,Mar,3,1,2019
20190323,2019-03-23,Sat,12,Mar,3,1,2019
20190324,2019-03-24,Sun,13,Mar,3,1,2019
20190325,2019-03-25,Mon,13,Mar,3,1,2019
20190326,2019-03-26,Tue,13,Mar,3,1,2019
20190327,2019-03-27,Wed,13,Mar,3,1,2019
20190328,2019-03-28,Thu,13,Mar,3,1,2019
20190329,2019-03-29,Fri,13,Mar,3,1,2019
20190330,2019-03-30,Sat,13,Mar,3,1,2019
20190331,2019-03-31,Sun,14,Mar,3,1,2019
20190401,2019-04-01,Mon,14,Apr,4,2,2019
20190402,2019-04-02,Tue,14,Apr,4,2,2019
20190403,2019-04-03,Wed,14,Apr,4,2,2019
20190404,2019-04-04,Thu,14,Apr,4,2,2019
20190405,2019-04-05,Fri,14,Apr,4,2,2019
20190406,2019-04-06,Sat,14,Apr,4,2,2019
20190407,2019-04-07,Sun,15,Apr,4,2,2019
20190408,2019-04-08,Mon,15,Apr,4,2,2019
20190409,2019-04-09,Tue,15,Apr,4,2,2019
20190410,2019-04-10,Wed,15,Apr,4,2,2019
20190411,2019-04-11,Thu,15,Apr,4,2,2019
20190412,2019-04-12,Fri,15,Apr,4,2,2019
20190413,2019-04-13,Sat,15,Apr,4,2,2019
20190414,2019-04-14,Sun,16,Apr,4,2,2019
20190415,2019-04-15,Mon,16,Apr,4,2,2019
20190416,2019-04-16,Tue,16,Apr,4,2,2019
20190417,2019-04-17,Wed,16,Apr,4,2,2019
20190418,2019-04-18,Thu,16,Apr,4,2,2019
20190419,2019-04-19,Fri,16,Apr,4,2,2019
20190420,2019-04-20,Sat,16,Apr,4,2,2019
20190421,2019-04-21,Sun,17,Apr,4,2,2019
20190422,2019-04-22,Mon,17,Apr,4,2,2019
20190423,2019-04-23,Tue,17,Apr,4,2,2019
20190424,2019-04-24,Wed,17,Apr,4,2,2019
20190425,2019-04-25,Thu,17,Apr,4,2,2019
20190426,2019-04-26,Fri,17,Apr,4,2,2019
20190427,2019-04-27,Sat,17,Apr,4,2,2019
20190428,2019-04-28,Sun,18,Apr,4,2,2019
20190429,2019-04-29,Mon,18,Apr,4,2,2019
20190430,2019-04-30,Tue,18,Apr,4,2,2019
20190501,2019-05-01,Wed,18,May,5,2,2019
20190502,2019-05-02,Thu,18,May,5,2,2019
20190503,2019-05-03,Fri,18,May,5,2,2019
20190504,2019-05-04,Sat,18,May,5,2,2019
20190505,2019-05-05,Sun,19,May,5,2,2019
20190506,2019-05-06,Mon,19,May,5,2,2019
20190507,2019-05-07,Tue,19,May,5,2,2019
20190508,2019-05-08,Wed,19,May,5,2,2019
20190509,2019-05-09,Thu,19,May,5,2,2019
20190510,2019-05-10,Fri,19,May,5,2,2019
20190511,2019-05-11,Sat,19,May,5,2,2019
20190512,2019-05-12,Sun,20,May,5,2,2019
20190513,2019-05-13,Mon,20,May,5,2,2019
20190514,2019-05-14,Tue,20,May,5,2,2019
20190515,2019-05-15,Wed,20,May,5,2,2019
20190516,2019-05-16,Thu,20,May,5,2,2019
20190517,2019-05-17,Fri,20,May,5,2,2019
20190518,2019-05-18,Sat,20,May,5,2,2019
20190519,2019-05-19,Sun,21,May,5,2,2019
20190520,2019-05-20,Mon,21,May,5,2,2019
20190521,2019-05-21,Tue,21,May,5,2,2019
20190522,2019-05-22,Wed,21,May,5,2,2019
20190523,2019-05-23,Thu,21,May,5,2,2019
20190524,2019-05-24,Fri,21,May,5,2,2019
20190525,2019-05-25,Sat,21,May,5,2,2019
20190526,2019-05-26,Sun,22,May,5,2,2019
20190527,2019-05-27,Mon,22,May,5,2,2019
20190528,2019-05-28,Tue,22,May,5,2,2019
20190529,2019-05-29,Wed,22,May,5,2,2019
20190530,2019-05-30,Thu,22,May,5,2,2019
20190531,2019-05-31,Fri,22,May,5,2,2019
20190601,2019-06-01,Sat,22,Jun,6,2,2019
20190602,2019-06-02,Sun,23,Jun,6,2,2019
20190603,2019-06-03,Mon,23,Jun,6,2,2019
20190604,2019-06-04,Tue,23,Jun,6,2,2019
20190605,2019-06-05,Wed,23,Jun,6,2,2019
20190606,2019-06-06,Thu,23,Jun,6,2,2019
20190607,2019-06-07,Fri,23,Jun,6,2,2019
20190608,2019-06-08,Sat,23,Jun,6,2,2019
20190609,2019-06-09,Sun,24,Jun,6,2,2019
20190610,2019-06-10,Mon,24,Jun,6,2,2019
20190611,2019-06-11,Tue,24,Jun,6,2,2019
20190612,2019-06-12,Wed,24,Jun,6,2,2019
20190613,2019-06-13,Thu,24,Jun,6,2,2019
20190614,2019-06-14,Fri,24,Jun,6,2,2019
20190615,2019-06-15,Sat,24,Jun,6,2,2019
20190616,2019-06-16,Sun,25,Jun,6,2,2019
20190617,2019-06-17,Mon,25,Jun,6,2,2019
20190618,2019-06-18,Tue,25,Jun,6,2,2019
20190619,2019-06-19,Wed,25,Jun,6,2,2019
20190620,2019-06-20,Thu,25,Jun,6,2,2019
20190621,2019-06-21,Fri,25,Jun,6,2,2019
20190622,2019-06-22,Sat,25,Jun,6,2,2019
20190623,2019-06-23,Sun,26,Jun,6,2,2019
20190624,2019-06-24,Mon,26,Jun,6,2,2019
20190625,2019-06-25,Tue,26,Jun,6,2,2019
20190626,2019-06-26,Wed,26,Jun,6,2,2019
20190627,2019-06-27,Thu,26,Jun,6,2,2019
20190628,2019-06-28,Fri,26,Jun,6,2,2019
20190629,2019-06-29,Sat,26,Jun,6,2,2019
20190630,2019-06-30,Sun,27,Jun,6,2,2019
20190701,2019-07-01,Mon,27,Jul,7,3,2019
20190702,2019-07-02,Tue,27,Jul,7,3,2019
20190703,2019-07-03,Wed,27,Jul,7,3,2019
20190704,2019-07-04,Thu,27,Jul,7,3,2019
20190705,2019-07-05,Fri,27,Jul,7,3,2019
20190706,2019-07-06,Sat,27,Jul,7,3,2019
20190707,2019-07-07,Sun,28,Jul,7,3,2019
20190708,2019-07-08,Mon,28,Jul,7,3,2019
20190709,2019-07-09,Tue,28,Jul,7,3,2019
20190710,2019-07-10,Wed,28,Jul,7,3,2019
20190711,2019-07-11,Thu,28,Jul,7,3,2019
20190712,2019-07-12,Fri,28,Jul,7,3,2019
20190713,2019-07-13,Sat,28,Jul,7,3,2019
20190714,2019-07-14,Sun,29,Jul,7,3,2019
20190715,2019-07-15,Mon,29,Jul,7,3,2019
20190716,2019-07-16,Tue,29,Jul,7,3,2019
20190717,2019-07-17,Wed,29,Jul,7,3,2019
20190718,2019-07-18,Thu,29,Jul,7,3,2019
20190719,2019-07-19,Fri,29,Jul,7,3,2019
20190720,2019-07-20,Sat,29,Jul,7,3,2019
20190721,2019-07-21,Sun,30,Jul,7,3,2019
20190722,2019-07-22,Mon,30,Jul,7,3,2019
20190723,2019-07-23,Tue,30,Jul,7,3,2019
20190724,2019-07-24,Wed,30,Jul,7,3,2019
20190725,2019-07-25,Thu,30,Jul,7,3,2019
20190726,2019-07-26,Fri,30,Jul,7,3,2019
20190727,2019-07-27,Sat,30,Jul,7,3,2019
20190728,2019-07-28,Sun,31,Jul,7,3,2019
20190729,2019-07-29,Mon,31,Jul,7,3,2019
20190730,2019-07-30,Tue,31,Jul,7,3,2019
20190731,2019-07-31,Wed,31,Jul,7,3,2019
20190801,2019-08-01,Thu,31,Aug,8,3,2019
20190802,2019-08-02,Fri,31,Aug,8,3,2019
20190803,2019-08-03,Sat,31,Aug,8,3,2019
20190804,2019-08-04,Sun,32,Aug,8,3,2019
20190805,2019-08-05,Mon,32,Aug,8,3,2019
20190806,2019-08-06,Tue,32,Aug,8,3,2019
20190807,2019-08-07,Wed,32,Aug,8,3,2019
20190808,2019-08-08,Thu,32,Aug,8,3,2019
20190809,2019-08-09,Fri,32,Aug,8,3,2019
20190810,2019-08-10,Sat,32,Aug,8,3,2019
20190811,2019-08-11,Sun,33,Aug,8,3,2019
20190812,2019-08-12,Mon,33,Aug,8,3,2019
20190813,2019-08-13,Tue,33,Aug,8,3,2019
20190814,2019-08-14,Wed,33,Aug,8,3,2019
20190815,2019-08-15,Thu,33,Aug,8,3,2019
20190816,2019-08-16,Fri,33,Aug,8,3,2019
20190817,2019-08-17,Sat,33,Aug,8,3,2019
20190818,2019-08-18,Sun,34,Aug,8,3,2019
20190819,2019-08-19,Mon,34,Aug,8,3,2019
20190820,2019-08-20,Tue,34,Aug,8,3,2019
20190821,2019-08-21,Wed,34,Aug,8,3,2019
20190822,2019-08-22,Thu,34,Aug,8,3,2019
20190823,2019-08-23,Fri,34,Aug,8,3,2019
20190824,2019-08-24,Sat,34,Aug,8,3,2019
20190825,2019-08-25,Sun,35,Aug,8,3,2019
20190826,2019-08-26,Mon,35,Aug,8,3,2019
20190827,2019-08-27,Tue,35,Aug,8,3,2019
20190828,2019-08-28,Wed,35,Aug,8,3,2019
20190829,2019-08-29,Thu,35,Aug,8,3,2019
20190830,2019-08-30,Fri,35,Aug,8,3,2019
20190831,2019-08-31,Sat,35,Aug,8,3,2019
20190901,2019-09-01,Sun,36,Sep,9,3,2019
20190902,2019-09-02,Mon,36,Sep,9,3,2019
20190903,2019-09-03,Tue,36,Sep,9,3,2019
20190904,2019-09-04,Wed,36,Sep,9,3,2019
20190905,2019-09-05,Thu,36,Sep,9,3,2019
20190906,2019-09-06,Fri,36,Sep,9,3,2019
20190907,2019-09-07,Sat,36,Sep,9,3,2019
20190908,2019-09-08,Sun,37,Sep,9,3,2019
20190909,2019-09-09,Mon,37,Sep,9,3,2019
20190910,2019-09-10,Tue,37,Sep,9,3,2019
20190911,2019-09-11,Wed,37,Sep,9,3,2019
20190912,2019-09-12,Thu,37,Sep,9,3,2019
20190913,2019-09-13,Fri,37,Sep,9,3,2019
20190914,2019-09-14,Sat,37,Sep,9,3,2019
20190915,2019-09-15,Sun,38,Sep,9,3,2019
20190916,2019-09-16,Mon,38,Sep,9,3,2019
20190917,2019-09-17,Tue,38,Sep,9,3,2019
20190918,2019-09-18,Wed,38,Sep,9,3,2019
20190919,2019-09-19,Thu,38,Sep,9,3,2019
20190920,2019-09-20,Fri,38,Sep,9,3,2019
20190921,2019-09-21,Sat,38,Sep,9,3,2019
20190922,2019-09-22,Sun,39,Sep,9,3,2019
20190923,2019-09-23,Mon,39,Sep,9,3,2019
20190924,2019-09-24,Tue,39,Sep,9,3,2019
20190925,2019-09-25,Wed,39,Sep,9,3,2019
20190926,2019-09-26,Thu,39,Sep,9,3,2019
20190927,2019-09-27,Fri,39,Sep,9,3,2019
20190928,2019-09-28,Sat,39,Sep,9,3,2019
20190929,2019-09-29,Sun,40,Sep,9,3,2019
20190930,2019-09-30,Mon,40,Sep,9,3,2019
20191001,2019-10-01,Tue,40,Oct,10,4,2019
20191002,2019-10-02,Wed,40,Oct,10,4,2019
20191003,2019-10-03,Thu,40,Oct,10,4,2019
20191004,2019-10-04,Fri,40,Oct,10,4,2019
20191005,2019-10-05,Sat,40,Oct,10,4,2019
20191006,2019-10-06,Sun,41,Oct,10,4,2019
20191007,2019-10-07,Mon,41,Oct,10,4,2019
20191008,2019-10-08,Tue,41,Oct,10,4,2019
20191009,2019-10-09,Wed,41,Oct,10,4,2019
20191010,2019-10-10,Thu,41,Oct,10,4,2019
20191011,2019-10-11,Fri,41,Oct,10,4,2019
20191012,2019-10-12,Sat,41,Oct,10,4,2019
20191013,2019-10-13,Sun,42,Oct,10,4,2019
20191014,2019-10-14,Mon,42,Oct,10,4,2019
20191015,2019-10-15,Tue,42,Oct,10,4,2019
20191016,2019-10-16,Wed,42,Oct,10,4,2019
20191017,2019-10-17,Thu,42,Oct,10,4,2019
20191018,2019-10-18,Fri,42,Oct,10,4,2019
20191019,2019-10-19,Sat,42,Oct,10,4,2019
20191020,2019-10-20,Sun,43,Oct,10,4,2019
20191021,2019-10-21,Mon,43,Oct,10,4,2019
20191022,2019-10-22,Tue,43,Oct,10,4,2019
20191023,2019-10-23,Wed,43,Oct,10,4,2019
20191024,2019-10-24,Thu,43,Oct,10,4,2019
20191025,2019-10-25,Fri,43,Oct,10,4,2019
20191026,2019-10-26,Sat,43,Oct,10,4,2019
20191027,2019-10-27,Sun,44,Oct,10,4,2019
20191028,2019-10-28,Mon,44,Oct,10,4,2019
20191029,2019-10-29,Tue,44,Oct,10,4,2019
20191030,2019-10-30,Wed,44,Oct,10,4,2019
20191031,2019-10-31,Thu,44,Oct,10,4,2019
20191101,2019-11-01,Fri,44,Nov,11,4,2019
20191102,2019-11-02,Sat,44,Nov,11,4,2019
20191103,2019-11-03,Sun,45,Nov,11,4,2019
20191104,2019-11-04,Mon,45,Nov,11,4,2019
20191105,2019-11-05,Tue,45,Nov,11,4,2019
20191106,2019-11-06,Wed,45,Nov,11,4,2019
20191107,2019-11-07,Thu,45,Nov,11,4,2019
20191108,2019-11-08,Fri,45,Nov,11,4,2019
20191109,2019-11-09,Sat,45,Nov,11,4,2019
20191110,2019-11-10,Sun,46,Nov,11,4,2019
20191111,2019-11-11,Mon,46,Nov,11,4,2019
20191112,2019-11-12,Tue,46,Nov,11,4,2019
20191113,2019-11-13,Wed,46,Nov,11,4,2019
20191114,2019-11-14,Thu,46,Nov,11,4,2019
20191115,2019-11-15,Fri,46,Nov,11,4,2019
20191116,2019-11-16,Sat,46,Nov,11,4,2019
20191117,2019-11-17,Sun,47,Nov,11,4,2019
20191118,2019-11-18,Mon,47,Nov,11,4,2019
20191119,2019-11-19,Tue,47,Nov,11,4,2019
20191120,2019-11-20,Wed,47,Nov,11,4,2019
20191121,2019-11-21,Thu,47,Nov,11,4,2019
20191122,2019-11-22,Fri,47,Nov,11,4,2019
20191123,2019-11-23,Sat,47,Nov,11,4,2019
20191124,2019-11-24,Sun,48,Nov,11,4,2019
20191125,2019-11-25,Mon,48,Nov,11,4,2019
20191126,2019-11-26,Tue,48,Nov,11,4,2019
20191127,2019-11-27,Wed,48,Nov,11,4,2019
20191128,2019-11-28,Thu,48,Nov,11,4,2019
20191129,2019-11-29,Fri,48,Nov,11,4,2019
20191130,2019-11-30,Sat,48,Nov,11,4,2019
20191201,2019-12-01,Sun,49,Dec,12,4,2019
20191202,2019-12-02,Mon,49,Dec,12,4,2019
20191203,2019-12-03,Tue,49,Dec,12,4,2019
20191204,2019-12-04,Wed,49,Dec,12,4,2019
20191205,2019-12-05,Thu,49,Dec,12,4,2019
20191206,2019-12-06,Fri,49,Dec,12,4,2019
20191207,2019-12-07,Sat,49,Dec,12,4,2019
20191208,2019-12-08,Sun,50,Dec,12,4,2019
20191209,2019-12-09,Mon,50,Dec,12,4,2019
20191210,2019-12-10,Tue,50,Dec,12,4,2019
20191211,2019-12-11,Wed,50,Dec,12,4,2019
20191212,2019-12-12,Thu,50,Dec,12,4,2019
20191213,2019-12-13,Fri,50,Dec,12,4,2019
20191214,2019-12-14,Sat,50,Dec,12,4,2019
20191215,2019-12-15,Sun,51,Dec,12,4,2019
20191216,2019-12-16,Mon,51,Dec,12,4,2019
20191217,2019-12-17,Tue,51,Dec,12,4,2019
20191218,2019-12-18,Wed,51,Dec,12,4,2019
20191219,2019-12-19,Thu,51,Dec,12,4,2019
20191220,2019-12-20,Fri,51,Dec,12,4,2019
20191221,2019-12-21,Sat,51,Dec,12,4,2019
20191222,2019-12-22,Sun,52,Dec,12,4,2019
20191223,2019-12-23,Mon,52,Dec,12,4,2019
20191224,2019-12-24,Tue,52,Dec,12,4,2019
20191225,2019-12-25,Wed,52,Dec,12,4,2019
20191226,2019-12-26,Thu,52,Dec,12,4,2019
20191227,2019-12-27,Fri,52,Dec,12,4,2019
20191228,2019-12-28,Sat,52,Dec,12,4,2019
20191229,2019-12-29,Sun,53,Dec,12,4,2019
20191230,2019-12-30,Mon,53,Dec,12,4,2019
20191231,2019-12-31,Tue,53,Dec,12,4,2019
20200101,2020-01-01,Wed,1,Jan,1,1,2020
20200102,2020-01-02,Thu,1,Jan,1,1,2020
20200103,2020-01-03,Fri,1,Jan,1,1,2020
20200104,2020-01-04,Sat,1,Jan,1,1,2020
20200105,2020-01-05,Sun,2,Jan,1,1,2020
20200106,2020-01-06,Mon,2,Jan,1,1,2020
20200107,2020-01-07,Tue,2,Jan,1,1,2020
20200108,2020-01-08,Wed,2,Jan,1,1,2020
20200109,2020-01-09,Thu,2,Jan,1,1,2020
20200110,2020-01-10,Fri,2,Jan,1,1,2020
20200111,2020-01-11,Sat,2,Jan,1,1,2020
20200112,2020-01-12,Sun,3,Jan,1,1,2020
20200113,2020-01-13,Mon,3,Jan,1,1,2020
20200114,2020-01-14,Tue,3,Jan,1,1,2020
20200115,2020-01-15,Wed,3,Jan,1,1,2020
20200116,2020-01-16,Thu,3,Jan,1,1,2020
20200117,2020-01-17,Fri,3,Jan,1,1,2020
20200118,2020-01-18,Sat,3,Jan,1,1,2020
20200119,2020-01-19,Sun,4,Jan,1,1,2020
20200120,2020-01-20,Mon,4,Jan,1,1,2020
20200121,2020-01-21,Tue,4,Jan,1,1,2020
20200122,2020-01-22,Wed,4,Jan,1,1,2020
20200123,2020-01-23,Thu,4,Jan,1,1,2020
20200124,2020-01-24,Fri,4,Jan,1,1,2020
20200125,2020-01-25,Sat,4,Jan,1,1,2020
20200126,2020-01-26,Sun,5,Jan,1,1,2020
20200127,2020-01-27,Mon,5,Jan,1,1,2020
20200128,2020-01-28,Tue,5,Jan,1,1,2020
20200129,2020-01-29,Wed,5,Jan,1,1,2020
20200130,2020-01-30,Thu,5,Jan,1,1,2020
20200131,2020-01-31,Fri,5,Jan,1,1,2020
20200201,2020-02-01,Sat,5,Feb,2,1,2020
20200202,2020-02-02,Sun,6,Feb,2,1,2020
20200203,2020-02-03,Mon,6,Feb,2,1,2020
20200204,2020-02-04,Tue,6,Feb,2,1,2020
20200205,2020-02-05,Wed,6,Feb,2,1,2020
20200206,2020-02-06,Thu,6,Feb,2,1,2020
20200207,2020-02-07,Fri,6,Feb,2,1,2020
20200208,2020-02-08,Sat,6,Feb,2,1,2020
20200209,2020-02-09,Sun,7,Feb,2,1,2020
20200210,2020-02-10,Mon,7,Feb,2,1,2020
20200211,2020-02-11,Tue,7,Feb,2,1,2020
20200212,2020-02-12,Wed,7,Feb,2,1,2020
20200213,2020-02-13,Thu,7,Feb,2,1,2020
20200214,2020-02-14,Fri,7,Feb,2,1,2020
20200215,2020-02-15,Sat,7,Feb,2,1,2020
20200216,2020-02-16,Sun,8,Feb,2,1,2020
20200217,2020-02-17,Mon,8,Feb,2,1,2020
20200218,2020-02-18,Tue,8,Feb,2,1,2020
20200219,2020-02-19,Wed,8,Feb,2,1,2020
20200220,2020-02-20,Thu,8,Feb,2,1,2020
20200221,2020-02-21,Fri,8,Feb,2,1,2020
20200222,2020-02-22,Sat,8,Feb,2,1,2020
20200223,2020-02-23,Sun,9,Feb,2,1,2020
20200224,2020-02-24,Mon,9,Feb,2,1,2020
20200225,2020-02-25,Tue,9,Feb,2,1,2020
20200226,2020-02-26,Wed,9,Feb,2,1,2020
20200227,2020-02-27,Thu,9,Feb,2,1,2020
20200228,2020-02-28,Fri,9,Feb,2,1,2020
20200229,2020-02-29,Sat,9,Feb,2,1,2020
20200301,2020-03-01,Sun,10,Mar,3,1,2020
20200302,2020-03-02,Mon,10,Mar,3,1,2020
20200303,2020-03-03,Tue,10,Mar,3,1,2020
20200304,2020-03-04,Wed,10,Mar,3,1,2020
20200305,2020-03-05,Thu,10,Mar,3,1,2020
20200306,2020-03-06,Fri,10,Mar,3,1,2020
20200307,2020-03-07,Sat,10,Mar,3,1,2020
20200308,2020-03-08,Sun,11,Mar,3,1,2020
20200309,2020-03-09,Mon,11,Mar,3,1,2020
20200310,2020-03-10,Tue,11,Mar,3,1,2020
20200311,2020-03-11,Wed,11,Mar,3,1,2020
20200312,2020-03-12,Thu,11,Mar,3,1,2020
20200313,2020-03-13,Fri,11,Mar,3,1,2020
20200314,2020-03-14,Sat,11,Mar,3,1,2020
20200315,2020-03-15,Sun,12,Mar,3,1,2020
20200316,2020-03-16,Mon,12,Mar,3,1,2020
20200317,2020-03-17,Tue,12,Mar,3,1,2020
20200318,2020-03-18,Wed,12,Mar,3,1,2020
20200319,2020-03-19,Thu,12,Mar,3,1,2020
20200320,2020-03-20,Fri,12,Mar,3,1,2020
20200321,2020-03-21,Sat,12,Mar,3,1,2020
20200322,2020-03-22,Sun,13,Mar,3,1,2020
20200323,2020-03-23,Mon,13,Mar,3,1,2020
20200324,2020-03-24,Tue,13,Mar,3,1,2020
20200325,2020-03-25,Wed,13,Mar,3,1,2020
20200326,2020-03-26,Thu,13,Mar,3,1,2020
20200327,2020-03-27,Fri,13,Mar,3,1,2020
20200328,2020-03-28,Sat,13,Mar,3,1,2020
20200329,2020-03-29,Sun,14,Mar,3,1,2020
20200330,2020-03-30,Mon,14,Mar,3,1,2020
20200331,2020-03-31,Tue,14,Mar,3,1,2020
20200401,2020-04-01,Wed,14,Apr,4,2,2020
20200402,2020-04-02,Thu,14,Apr,4,2,2020
20200403,2020-04-03,Fri,14,Apr,4,2,2020
20200404,2020-04-04,Sat,14,Apr,4,2,2020
20200405,2020-04-05,Sun,15,Apr,4,2,2020
20200406,2020-04-06,Mon,15,Apr,4,2,2020
20200407,2020-04-07,Tue,15,Apr,4,2,2020
20200408,2020-04-08,Wed,15,Apr,4,2,2020
20200409,2020-04-09,Thu,15,Apr,4,2,2020
20200410,2020-04-10,Fri,15,Apr,4,2,2020
20200411,2020-04-11,Sat,15,Apr,4,2,2020
20200412,2020-04-12,Sun,16,Apr,4,2,2020
20200413,2020-04-13,Mon,16,Apr,4,2,2020
20200414,2020-04-14,Tue,16,Apr,4,2,2020
20200415,2020-04-15,Wed,16,Apr,4,2,2020
20200416,2020-04-16,Thu,16,Apr,4,2,2020
20200417,2020-04-17,Fri,16,Apr,4,2,2020
20200418,2020-04-18,Sat,16,Apr,4,2,2020
20200419,2020-04-19,Sun,17,Apr,4,2,2020
20200420,2020-04-20,Mon,17,Apr,4,2,2020
20200421,2020-04-21,Tue,17,Apr,4,2,2020
20200422,2020-04-22,Wed,17,Apr,4,2,2020
20200423,2020-04-23,Thu,17,Apr,4,2,2020
20200424,2020-04-24,Fri,17,Apr,4,2,2020
20200425,2020-04-25,Sat,17,Apr,4,2,2020
20200426,2020-04-26,Sun,18,Apr,4,2,2020
20200427,2020-04-27,Mon,18,Apr,4,2,2020
20200428,2020-04-28,Tue,18,Apr,4,2,2020
20200429,2020-04-29,Wed,18,Apr,4,2,2020
20200430,2020-04-30,Thu,18,Apr,4,2,2020
20200501,2020-05-01,Fri,18,May,5,2,2020
20200502,2020-05-02,Sat,18,May,5,2,2020
20200503,2020-05-03,Sun,19,May,5,2,2020
20200504,2020-05-04,Mon,19,May,5,2,2020
20200505,2020-05-05,Tue,19,May,5,2,2020
20200506,2020-05-06,Wed,19,May,5,2,2020
20200507,2020-05-07,Thu,19,May,5,2,2020
20200508,2020-05-08,Fri,19,May,5,2,2020
20200509,2020-05-09,Sat,19,May,5,2,2020
20200510,2020-05-10,Sun,20,May,5,2,2020
20200511,2020-05-11,Mon,20,May,5,2,2020
20200512,2020-05-12,Tue,20,May,5,2,2020
20200513,2020-05-13,Wed,20,May,5,2,2020
20200514,2020-05-14,Thu,20,May,5,2,2020
20200515,2020-05-15,Fri,20,May,5,2,2020
20200516,2020-05-16,Sat,20,May,5,2,2020
20200517,2020-05-17,Sun,21,May,5,2,2020
20200518,2020-05-18,Mon,21,May,5,2,2020
20200519,2020-05-19,Tue,21,May,5,2,2020
20200520,2020-05-20,Wed,21,May,5,2,2020
20200521,2020-05-21,Thu,21,May,5,2,2020
20200522,2020-05-22,Fri,21,May,5,2,2020
20200523,2020-05-23,Sat,21,May,5,2,2020
20200524,2020-05-24,Sun,22,May,5,2,2020
20200525,2020-05-25,Mon,22,May,5,2,2020
20200526,2020-05-26,Tue,22,May,5,2,2020
20200527,2020-05-27,Wed,22,May,5,2,2020
20200528,2020-05-28,Thu,22,May,5,2,2020
20200529,2020-05-29,Fri,22,May,5,2,2020
20200530,2020-05-30,Sat,22,May,5,2,2020
20200531,2020-05-31,Sun,23,May,5,2,2020
20200601,2020-06-01,Mon,23,Jun,6,2,2020
20200602,2020-06-02,Tue,23,Jun,6,2,2020
20200603,2020-06-03,Wed,23,Jun,6,2,2020
20200604,2020-06-04,Thu,23,Jun,6,2,2020
20200605,2020-06-05,Fri,23,Jun,6,2,2020
20200606,2020-06-06,Sat,23,Jun,6,2,2020
20200607,2020-06-07,Sun,24,Jun,6,2,2020
20200608,2020-06-08,Mon,24,Jun,6,2,2020
20200609,2020-06-09,Tue,24,Jun,6,2,2020
20200610,2020-06-10,Wed,24,Jun,6,2,2020
20200611,2020-06-11,Thu,24,Jun,6,2,2020
20200612,2020-06-12,Fri,24,Jun,6,2,2020
20200613,2020-06-13,Sat,24,Jun,6,2,2020
20200614,2020-06-14,Sun,25,Jun,6,2,2020
20200615,2020-06-15,Mon,25,Jun,6,2,2020
20200616,2020-06-16,Tue,25,Jun,6,2,2020
20200617,2020-06-17,Wed,25,Jun,6,2,2020
20200618,2020-06-18,Thu,25,Jun,6,2,2020
20200619,2020-06-19,Fri,25,Jun,6,2,2020
20200620,2020-06-20,Sat,25,Jun,6,2,2020
20200621,2020-06-21,Sun,26,Jun,6,2,2020
20200622,2020-06-22,Mon,26,Jun,6,2,2020
20200623,2020-06-23,Tue,26,Jun,6,2,2020
20200624,2020-06-24,Wed,26,Jun,6,2,2020
20200625,2020-06-25,Thu,26,Jun,6,2,2020
20200626,2020-06-26,Fri,26,Jun,6,2,2020
20200627,2020-06-27,Sat,26,Jun,6,2,2020
20200628,2020-06-28,Sun,27,Jun,6,2,2020
20200629,2020-06-29,Mon,27,Jun,6,2,2020
20200630,2020-06-30,Tue,27,Jun,6,2,2020
20200701,2020-07-01,Wed,27,Jul,7,3,2020
20200702,2020-07-02,Thu,27,Jul,7,3,2020
20200703,2020-07-03,Fri,27,Jul,7,3,2020
20200704,2020-07-04,Sat,27,Jul,7,3,2020
20200705,2020-07-05,Sun,28,Jul,7,3,2020
20200706,2020-07-06,Mon,28,Jul,7,3,2020
20200707,2020-07-07,Tue,28,Jul,7,3,2020
20200708,2020-07-08,Wed,28,Jul,7,3,2020
20200709,2020-07-09,Thu,28,Jul,7,3,2020
20200710,2020-07-10,Fri,28,Jul,7,3,2020
20200711,2020-07-11,Sat,28,Jul,7,3,2020
20200712,2020-07-12,Sun,29,Jul,7,3,2020
20200713,2020-07-13,Mon,29,Jul,7,3,2020
20200714,2020-07-14,Tue,29,Jul,7,3,2020
20200715,2020-07-15,Wed,29,Jul,7,3,2020
20200716,2020-07-16,Thu,29,Jul,7,3,2020
20200717,2020-07-17,Fri,29,Jul,7,3,2020
20200718,2020-07-18,Sat,29,Jul,7,3,2020
20200719,2020-07-19,Sun,30,Jul,7,3,2020
20200720,2020-07-20,Mon,30,Jul,7,3,2020
20200721,2020-07-21,Tue,30,Jul,7,3,2020
20200722,2020-07-22,Wed,30,Jul,7,3,2020
20200723,2020-07-23,Thu,30,Jul,7,3,2020
20200724,2020-07-24,Fri,30,Jul,7,3,2020
20200725,2020-07-25,Sat,30,Jul,7,3,2020
20200726,2020-07-26,Sun,31,Jul,7,3,2020
20200727,2020-07-27,Mon,31,Jul,7,3,2020
20200728,2020-07-28,Tue,31,Jul,7,3,2020
20200729,2020-07-29,Wed,31,Jul,7,3,2020
20200730,2020-07-30,Thu,31,Jul,7,3,2020
20200731,2020-07-31,Fri,31,Jul,7,3,2020
20200801,2020-08-01,Sat,31,Aug,8,3,2020
20200802,2020-08-02,Sun,32,Aug,8,3,2020
20200803,2020-08-03,Mon,32,Aug,8,3,2020
20200804,2020-08-04,Tue,32,Aug,8,3,2020
20200805,2020-08-05,Wed,32,Aug,8,3,2020
20200806,2020-08-06,Thu,32,Aug,8,3,2020
20200807,2020-08-07,Fri,32,Aug,8,3,2020
20200808,2020-08-08,Sat,32,Aug,8,3,2020
20200809,2020-08-09,Sun,33,Aug,8,3,2020
20200810,2020-08-10,Mon,33,Aug,8,3,2020
20200811,2020-08-11,Tue,33,Aug,8,3,2020
20200812,2020-08-12,Wed,33,Aug,8,3,2020
20200813,2020-08-13,Thu,33,Aug,8,3,2020
20200814,2020-08-14,Fri,33,Aug,8,3,2020
20200815,2020-08-15,Sat,33,Aug,8,3,2020
20200816,2020-08-16,Sun,34,Aug,8,3,2020
20200817,2020-08-17,Mon,34,Aug,8,3,2020
20200818,2020-08-18,Tue,34,Aug,8,3,2020
20200819,2020-08-19,Wed,34,Aug,8,3,2020
20200820,2020-08-20,Thu,34,Aug,8,3,2020
20200821,2020-08-21,Fri,34,Aug,8,3,2020
20200822,2020-08-22,Sat,34,Aug,8,3,2020
20200823,2020-08-23,Sun,35,Aug,8,3,2020
20200824,2020-08-24,Mon,35,Aug,8,3,2020
20200825,2020-08-25,Tue,35,Aug,8,3,2020
20200826,2020-08-26,Wed,35,Aug,8,3,2020
20200827,2020-08-27,Thu,35,Aug,8,3,2020
20200828,2020-08-28,Fri,35,Aug,8,3,2020
20200829,2020-08-29,Sat,35,Aug,8,3,2020
20200830,2020-08-30,Sun,36,Aug,8,3,2020
20200831,2020-08-31,Mon,36,Aug,8,3,2020
20200901,2020-09-01,Tue,36,Sep,9,3,2020
20200902,2020-09-02,Wed,36,Sep,9,3,2020
20200903,2020-09-03,Thu,36,Sep,9,3,2020
20200904,2020-09-04,Fri,36,Sep,9,3,2020
20200905,2020-09-05,Sat,36,Sep,9,3,2020
20200906,2020-09-06,Sun,37,Sep,9,3,2020
20200907,2020-09-07,Mon,37,Sep,9,3,2020
20200908,2020-09-08,Tue,37,Sep,9,3,2020
20200909,2020-09-09,Wed,37,Sep,9,3,2020
20200910,2020-09-10,Thu,37,Sep,9,3,2020
20200911,2020-09-11,Fri,37,Sep,9,3,2020
20200912,2020-09-12,Sat,37,Sep,9,3,2020
20200913,2020-09-13,Sun,38,Sep,9,3,2020
20200914,2020-09-14,Mon,38,Sep,9,3,2020
20200915,2020-09-15,Tue,38,Sep,9,3,2020
20200916,2020-09-16,Wed,38,Sep,9,3,2020
20200917,2020-09-17,Thu,38,Sep,9,3,2020
20200918,2020-09-18,Fri,38,Sep,9,3,2020
20200919,2020-09-19,Sat,38,Sep,9,3,2020
20200920,2020-09-20,Sun,39,Sep,9,3,2020
20200921,2020-09-21,Mon,39,Sep,9,3,2020
20200922,2020-09-22,Tue,39,Sep,9,3,2020
20200923,2020-09-23,Wed,39,Sep,9,3,2020
20200924,2020-09-24,Thu,39,Sep,9,3,2020
20200925,2020-09-25,Fri,39,Sep,9,3,2020
20200926,2020-09-26,Sat,39,Sep,9,3,2020
20200927,2020-09-27,Sun,40,Sep,9,3,2020
20200928,2020-09-28,Mon,40,Sep,9,3,2020
20200929,2020-09-29,Tue,40,Sep,9,3,2020
20200930,2020-09-30,Wed,40,Sep,9,3,2020
20201001,2020-10-01,Thu,40,Oct,10,4,2020
20201002,2020-10-02,Fri,40,Oct,10,4,2020
20201003,2020-10-03,Sat,40,Oct,10,4,2020
20201004,2020-10-04,Sun,41,Oct,10,4,2020
20201005,2020-10-05,Mon,41,Oct,10,4,2020
20201006,2020-10-06,Tue,41,Oct,10,4,2020
20201007,2020-10-07,Wed,41,Oct,10,4,2020
20201008,2020-10-08,Thu,41,Oct,10,4,2020
20201009,2020-10-09,Fri,41,Oct,10,4,2020
20201010,2020-10-10,Sat,41,Oct,10,4,2020
20201011,2020-10-11,Sun,42,Oct,10,4,2020
20201012,2020-10-12,Mon,42,Oct,10,4,2020
20201013,2020-10-13,Tue,42,Oct,10,4,2020
20201014,2020-10-14,Wed,42,Oct,10,4,2020
20201015,2020-10-15,Thu,42,Oct,10,4,2020
20201016,2020-10-16,Fri,42,Oct,10,4,2020
20201017,2020-10-17,Sat,42,Oct,10,4,2020
20201018,2020-10-18,Sun,43,Oct,10,4,2020
20201019,2020-10-19,Mon,43,Oct,10,4,2020
20201020,2020-10-20,Tue,43,Oct,10,4,2020
20201021,2020-10-21,Wed,43,Oct,10,4,2020
20201022,2020-10-22,Thu,43,Oct,10,4,2020
20201023,2020-10-23,Fri,43,Oct,10,4,2020
20201024,2020-10-24,Sat,43,Oct,10,4,2020
20201025,2020-10-25,Sun,44,Oct,10,4,2020
20201026,2020-10-26,Mon,44,Oct,10,4,2020
20201027,2020-10-27,Tue,44,Oct,10,4,2020
20201028,2020-10-28,Wed,44,Oct,10,4,2020
20201029,2020-10-29,Thu,44,Oct,10,4,2020
20201030,2020-10-30,Fri,44,Oct,10,4,2020
20201031,2020-10-31,Sat,44,Oct,10,4,2020
20201101,2020-11-01,Sun,45,Nov,11,4,2020
20201102,2020-11-02,Mon,45,Nov,11,4,2020
20201103,2020-11-03,Tue,45,Nov,11,4,2020
20201104,2020-11-04,Wed,45,Nov,11,4,2020
20201105,2020-11-05,Thu,45,Nov,11,4,2020
20201106,2020-11-06,Fri,45,Nov,11,4,2020
20201107,2020-11-07,Sat,45,Nov,11,4,2020
20201108,2020-11-08,Sun,46,Nov,11,4,2020
20201109,2020-11-09,Mon,46,Nov,11,4,2020
20201110,2020-11-10,Tue,46,Nov,11,4,2020
20201111,2020-11-11,Wed,46,Nov,11,4,2020
20201112,2020-11-12,Thu,46,Nov,11,4,2020
20201113,2020-11-13,Fri,46,Nov,11,4,2020
20201114,2020-11-14,Sat,46,Nov,11,4,2020
20201115,2020-11-15,Sun,47,Nov,11,4,2020
20201116,2020-11-16,Mon,47,Nov,11,4,2020
20201117,2020-11-17,Tue,47,Nov,11,4,2020
20201118,2020-11-18,Wed,47,Nov,11,4,2020
20201119,2020-11-19,Thu,47,Nov,11,4,2020
20201120,2020-11-20,Fri,47,Nov,11,4,2020
20201121,2020-11-21,Sat,47,Nov,11,4,2020
20201122,2020-11-22,Sun,48,Nov,11,4,2020
20201123,2020-11-23,Mon,48,Nov,11,4,2020
20201124,2020-11-24,Tue,48,Nov,11,4,2020
20201125,2020-11-25,Wed,48,Nov,11,4,2020
20201126,2020-11-26,Thu,48,Nov,11,4,2020
20201127,2020-11-27,Fri,48,Nov,11,4,2020
20201128,2020-11-28,Sat,48,Nov,11,4,2020
20201129,2020-11-29,Sun,49,Nov,11,4,2020
20201130,2020-11-30,Mon,49,Nov,11,4,2020
20201201,2020-12-01,Tue,49,Dec,12,4,2020
20201202,2020-12-02,Wed,49,Dec,12,4,2020
20201203,2020-12-03,Thu,49,Dec,12,4,2020
20201204,2020-12-04,Fri,49,Dec,12,4,2020
20201205,2020-12-05,Sat,49,Dec,12,4,2020
20201206,2020-12-06,Sun,50,Dec,12,4,2020
20201207,2020-12-07,Mon,50,Dec,12,4,2020
20201208,2020-12-08,Tue,50,Dec,12,4,2020
20201209,2020-12-09,Wed,50,Dec,12,4,2020
20201210,2020-12-10,Thu,50,Dec,12,4,2020
20201211,2020-12-11,Fri,50,Dec,12,4,2020
20201212,2020-12-12,Sat,50,Dec,12,4,2020
20201213,2020-12-13,Sun,51,Dec,12,4,2020
20201214,2020-12-14,Mon,51,Dec,12,4,2020
20201215,2020-12-15,Tue,51,Dec,12,4,2020
20201216,2020-12-16,Wed,51,Dec,12,4,2020
20201217,2020-12-17,Thu,51,Dec,12,4,2020
20201218,2020-12-18,Fri,51,Dec,12,4,2020
20201219,2020-12-19,Sat,51,Dec,12,4,2020
20201220,2020-12-20,Sun,52,Dec,12,4,2020
20201221,2020-12-21,Mon,52,Dec,12,4,2020
20201222,2020-12-22,Tue,52,Dec,12,4,2020
20201223,2020-12-23,Wed,52,Dec,12,4,2020
20201224,2020-12-24,Thu,52,Dec,12,4,2020
20201225,2020-12-25,Fri,52,Dec,12,4,2020
20201226,2020-12-26,Sat,52,Dec,12,4,2020
20201227,2020-12-27,Sun,53,Dec,12,4,2020
20201228,2020-12-28,Mon,53,Dec,12,4,2020
20201229,2020-12-29,Tue,53,Dec,12,4,2020
20201230,2020-12-30,Wed,53,Dec,12,4,2020
20201231,2020-12-31,Thu,53,Dec,12,4,2020
20210101,2021-01-01,Fri,1,Jan,1,1,2021
20210102,2021-01-02,Sat,1,Jan,1,1,2021
20210103,2021-01-03,Sun,2,Jan,1,1,2021
20210104,2021-01-04,Mon,2,Jan,1,1,2021
20210105,2021-01-05,Tue,2,Jan,1,1,2021
20210106,2021-01-06,Wed,2,Jan,1,1,2021
20210107,2021-01-07,Thu,2,Jan,1,1,2021
20210108,2021-01-08,Fri,2,Jan,1,1,2021
20210109,2021-01-09,Sat,2,Jan,1,1,2021
20210110,2021-01-10,Sun,3,Jan,1,1,2021
20210111,2021-01-11,Mon,3,Jan,1,1,2021
20210112,2021-01-12,Tue,3,Jan,1,1,2021
20210113,2021-01-13,Wed,3,Jan,1,1,2021
20210114,2021-01-14,Thu,3,Jan,1,1,2021
20210115,2021-01-15,Fri,3,Jan,1,1,2021
20210116,2021-01-16,Sat,3,Jan,1,1,2021
20210117,2021-01-17,Sun,4,Jan,1,1,2021
20210118,2021-01-18,Mon,4,Jan,1,1,2021
20210119,2021-01-19,Tue,4,Jan,1,1,2021
20210120,2021-01-20,Wed,4,Jan,1,1,2021
20210121,2021-01-21,Thu,4,Jan,1,1,2021
20210122,2021-01-22,Fri,4,Jan,1,1,2021
20210123,2021-01-23,Sat,4,Jan,1,1,2021
20210124,2021-01-24,Sun,5,Jan,1,1,2021
20210125,2021-01-25,Mon,5,Jan,1,1,2021
20210126,2021-01-26,Tue,5,Jan,1,1,2021
20210127,2021-01-27,Wed,5,Jan,1,1,2021
20210128,2021-01-28,Thu,5,Jan,1,1,2021
20210129,2021-01-29,Fri,5,Jan,1,1,2021
20210130,2021-01-30,Sat,5,Jan,1,1,2021
20210131,2021-01-31,Sun,6,Jan,1,1,2021
20210201,2021-02-01,Mon,6,Feb,2,1,2021
20210202,2021-02-02,Tue,6,Feb,2,1,2021
20210203,2021-02-03,Wed,6,Feb,2,1,2021
20210204,2021-02-04,Thu,6,Feb,2,1,2021
20210205,2021-02-05,Fri,6,Feb,2,1,2021
20210206,2021-02-06,Sat,6,Feb,2,1,2021
20210207,2021-02-07,Sun,7,Feb,2,1,2021
20210208,2021-02-08,Mon,7,Feb,2,1,2021
20210209,2021-02-09,Tue,7,Feb,2,1,2021
20210210,2021-02-10,Wed,7,Feb,2,1,2021
20210211,2021-02-11,Thu,7,Feb,2,1,2021
20210212,2021-02-12,Fri,7,Feb,2,1,2021
20210213,2021-02-13,Sat,7,Feb,2,1,2021
20210214,2021-02-14,Sun,8,Feb,2,1,2021
20210215,2021-02-15,Mon,8,Feb,2,1,2021
20210216,2021-02-16,Tue,8,Feb,2,1,2021
20210217,2021-02-17,Wed,8,Feb,2,1,2021
20210218,2021-02-18,Thu,8,Feb,2,1,2021
20210219,2021-02-19,Fri,8,Feb,2,1,2021
20210220,2021-02-20,Sat,8,Feb,2,1,2021
20210221,2021-02-21,Sun,9,Feb,2,1,2021
20210222,2021-02-22,Mon,9,Feb,2,1,2021
20210223,2021-02-23,Tue,9,Feb,2,1,2021
20210224,2021-02-24,Wed,9,Feb,2,1,2021
20210225,2021-02-25,Thu,9,Feb,2,1,2021
20210226,2021-02-26,Fri,9,Feb,2,1,2021
20210227,2021-02-27,Sat,9,Feb,2,1,2021
20210228,2021-02-28,Sun,10,Feb,2,1,2021
20210301,2021-03-01,Mon,10,Mar,3,1,2021
20210302,2021-03-02,Tue,10,Mar,3,1,2021
20210303,2021-03-03,Wed,10,Mar,3,1,2021
20210304,2021-03-04,Thu,10,Mar,3,1,2021
20210305,2021-03-05,Fri,10,Mar,3,1,2021
20210306,2021-03-06,Sat,10,Mar,3,1,2021
20210307,2021-03-07,Sun,11,Mar,3,1,2021
20210308,2021-03-08,Mon,11,Mar,3,1,2021
20210309,2021-03-09,Tue,11,Mar,3,1,2021
20210310,2021-03-10,Wed,11,Mar,3,1,2021
20210311,2021-03-11,Thu,11,Mar,3,1,2021
20210312,2021-03-12,Fri,11,Mar,3,1,2021
20210313,2021-03-13,Sat,11,Mar,3,1,2021
20210314,2021-03-14,Sun,12,Mar,3,1,2021
20210315,2021-03-15,Mon,12,Mar,3,1,2021
20210316,2021-03-16,Tue,12,Mar,3,1,2021
20210317,2021-03-17,Wed,12,Mar,3,1,2021
20210318,2021-03-18,Thu,12,Mar,3,1,2021
20210319,2021-03-19,Fri,12,Mar,3,1,2021
20210320,2021-03-20,Sat,12,Mar,3,1,2021
20210321,2021-03-21,Sun,13,Mar,3,1,2021
20210322,2021-03-22,Mon,13,Mar,3,1,2021
20210323,2021-03-23,Tue,13,Mar,3,1,2021
20210324,2021-03-24,Wed,13,Mar,3,1,2021
20210325,2021-03-25,Thu,13,Mar,3,1,2021
20210326,2021-03-26,Fri,13,Mar,3,1,2021
20210327,2021-03-27,Sat,13,Mar,3,1,2021
20210328,2021-03-28,Sun,14,Mar,3,1,2021
20210329,2021-03-29,Mon,14,Mar,3,1,2021
20210330,2021-03-30,Tue,14,Mar,3,1,2021
20210331,2021-03-31,Wed,14,Mar,3,1,2021
20210401,2021-04-01,Thu,14,Apr,4,2,2021
20210402,2021-04-02,Fri,14,Apr,4,2,2021
20210403,2021-04-03,Sat,14,Apr,4,2,2021
20210404,2021-04-04,Sun,15,Apr,4,2,2021
20210405,2021-04-05,Mon,15,Apr,4,2,2021
20210406,2021-04-06,Tue,15,Apr,4,2,2021
20210407,2021-04-07,Wed,15,Apr,4,2,2021
20210408,2021-04-08,Thu,15,Apr,4,2,2021
20210409,2021-04-09,Fri,15,Apr,4,2,2021
20210410,2021-04-10,Sat,15,Apr,4,2,2021
20210411,2021-04-11,Sun,16,Apr,4,2,2021
20210412,2021-04-12,Mon,16,Apr,4,2,2021
20210413,2021-04-13,Tue,16,Apr,4,2,2021
20210414,2021-04-14,Wed,16,Apr,4,2,2021
20210415,2021-04-15,Thu,16,Apr,4,2,2021
20210416,2021-04-16,Fri,16,Apr,4,2,2021
20210417,2021-04-17,Sat,16,Apr,4,2,2021
20210418,2021-04-18,Sun,17,Apr,4,2,2021
20210419,2021-04-19,Mon,17,Apr,4,2,2021
20210420,2021-04-20,Tue,17,Apr,4,2,2021
20210421,2021-04-21,Wed,17,Apr,4,2,2021
20210422,2021-04-22,Thu,17,Apr,4,2,2021
20210423,2021-04-23,Fri,17,Apr,4,2,2021
20210424,2021-04-24,Sat,17,Apr,4,2,2021
20210425,2021-04-25,Sun,18,Apr,4,2,2021
20210426,2021-04-26,Mon,18,Apr,4,2,2021
20210427,2021-04-27,Tue,18,Apr,4,2,2021
20210428,2021-04-28,Wed,18,Apr,4,2,2021
20210429,2021-04-29,Thu,18,Apr,4,2,2021
20210430,2021-04-30,Fri,18,Apr,4,2,2021
20210501,2021-05-01,Sat,18,May,5,2,2021
20210502,2021-05-02,Sun,19,May,5,2,2021
20210503,2021-05-03,Mon,19,May,5,2,2021
20210504,2021-05-04,Tue,19,May,5,2,2021
20210505,2021-05-05,Wed,19,May,5,2,2021
20210506,2021-05-06,Thu,19,May,5,2,2021
20210507,2021-05-07,Fri,19,May,5,2,2021
20210508,2021-05-08,Sat,19,May,5,2,2021
20210509,2021-05-09,Sun,20,May,5,2,2021
20210510,2021-05-10,Mon,20,May,5,2,2021
20210511,2021-05-11,Tue,20,May,5,2,2021
20210512,2021-05-12,Wed,20,May,5,2,2021
20210513,2021-05-13,Thu,20,May,5,2,2021
20210514,2021-05-14,Fri,20,May,5,2,2021
20210515,2021-05-15,Sat,20,May,5,2,2021
20210516,2021-05-16,Sun,21,May,5,2,2021
20210517,2021-05-17,Mon,21,May,5,2,2021
20210518,2021-05-18,Tue,21,May,5,2,2021
20210519,2021-05-19,Wed,21,May,5,2,2021
20210520,2021-05-20,Thu,21,May,5,2,2021
20210521,2021-05-21,Fri,21,May,5,2,2021
20210522,2021-05-22,Sat,21,May,5,2,2021
20210523,2021-05-23,Sun,22,May,5,2,2021
20210524,2021-05-24,Mon,22,May,5,2,2021
20210525,2021-05-25,Tue,22,May,5,2,2021
20210526,2021-05-26,Wed,22,May,5,2,2021
20210527,2021-05-27,Thu,22,May,5,2,2021
20210528,2021-05-28,Fri,22,May,5,2,2021
20210529,2021-05-29,Sat,22,May,5,2,2021
20210530,2021-05-30,Sun,23,May,5,2,2021
20210531,2021-05-31,Mon,23,May,5,2,2021
20210601,2021-06-01,Tue,23,Jun,6,2,2021
20210602,2021-06-02,Wed,23,Jun,6,2,2021
20210603,2021-06-03,Thu,23,Jun,6,2,2021
20210604,2021-06-04,Fri,23,Jun,6,2,2021
20210605,2021-06-05,Sat,23,Jun,6,2,2021
20210606,2021-06-06,Sun,24,Jun,6,2,2021
20210607,2021-06-07,Mon,24,Jun,6,2,2021
20210608,2021-06-08,Tue,24,Jun,6,2,2021
20210609,2021-06-09,Wed,24,Jun,6,2,2021
20210610,2021-06-10,Thu,24,Jun,6,2,2021
20210611,2021-06-11,Fri,24,Jun,6,2,2021
20210612,2021-06-12,Sat,24,Jun,6,2,2021
20210613,2021-06-13,Sun,25,Jun,6,2,2021
20210614,2021-06-14,Mon,25,Jun,6,2,2021
20210615,2021-06-15,Tue,25,Jun,6,2,2021
20210616,2021-06-16,Wed,25,Jun,6,2,2021
20210617,2021-06-17,Thu,25,Jun,6,2,2021
20210618,2021-06-18,Fri,25,Jun,6,2,2021
20210619,2021-06-19,Sat,25,Jun,6,2,2021
20210620,2021-06-20,Sun,26,Jun,6,2,2021
20210621,2021-06-21,Mon,26,Jun,6,2,2021
20210622,2021-06-22,Tue,26,Jun,6,2,2021
20210623,2021-06-23,Wed,26,Jun,6,2,2021
20210624,2021-06-24,Thu,26,Jun,6,2,2021
20210625,2021-06-25,Fri,26,Jun,6,2,2021
20210626,2021-06-26,Sat,26,Jun,6,2,2021
20210627,2021-06-27,Sun,27,Jun,6,2,2021
20210628,2021-06-28,Mon,27,Jun,6,2,2021
20210629,2021-06-29,Tue,27,Jun,6,2,2021
20210630,2021-06-30,Wed,27,Jun,6,2,2021
20210701,2021-07-01,Thu,27,Jul,7,3,2021
20210702,2021-07-02,Fri,27,Jul,7,3,2021
20210703,2021-07-03,Sat,27,Jul,7,3,2021
20210704,2021-07-04,Sun,28,Jul,7,3,2021
20210705,2021-07-05,Mon,28,Jul,7,3,2021
20210706,2021-07-06,Tue,28,Jul,7,3,2021
20210707,2021-07-07,Wed,28,Jul,7,3,2021
20210708,2021-07-08,Thu,28,Jul,7,3,2021
20210709,2021-07-09,Fri,28,Jul,7,3,2021
20210710,2021-07-10,Sat,28,Jul,7,3,2021
20210711,2021-07-11,Sun,29,Jul,7,3,2021
20210712,2021-07-12,Mon,29,Jul,7,3,2021
20210713,2021-07-13,Tue,29,Jul,7,3,2021
20210714,2021-07-14,Wed,29,Jul,7,3,2021
20210715,2021-07-15,Thu,29,Jul,7,3,2021
20210716,2021-07-16,Fri,29,Jul,7,3,2021
20210717,2021-07-17,Sat,29,Jul,7,3,2021
20210718,2021-07-18,Sun,30,Jul,7,3,2021
20210719,2021-07-19,Mon,30,Jul,7,3,2021
20210720,2021-07-20,Tue,30,Jul,7,3,2021
20210721,2021-07-21,Wed,30,Jul,7,3,2021
20210722,2021-07-22,Thu,30,Jul,7,3,2021
20210723,2021-07-23,Fri,30,Jul,7,3,2021
20210724,2021-07-24,Sat,30,Jul,7,3,2021
20210725,2021-07-25,Sun,31,Jul,7,3,2021
20210726,2021-07-26,Mon,31,Jul,7,3,2021
20210727,2021-07-27,Tue,31,Jul,7,3,2021
20210728,2021-07-28,Wed,31,Jul,7,3,2021
20210729,2021-07-29,Thu,31,Jul,7,3,2021
20210730,2021-07-30,Fri,31,Jul,7,3,2021
20210731,2021-07-31,Sat,31,Jul,7,3,2021
20210801,2021-08-01,Sun,32,Aug,8,3,2021
20210802,2021-08-02,Mon,32,Aug,8,3,2021
20210803,2021-08-03,Tue,32,Aug,8,3,2021
20210804,2021-08-04,Wed,32,Aug,8,3,2021
20210805,2021-08-05,Thu,32,Aug,8,3,2021
20210806,2021-08-06,Fri,32,Aug,8,3,2021
20210807,2021-08-07,Sat,32,Aug,8,3,2021
20210808,2021-08-08,Sun,33,Aug,8,3,2021
20210809,2021-08-09,Mon,33,Aug,8,3,2021
20210810,2021-08-10,Tue,33,Aug,8,3,2021
20210811,2021-08-11,Wed,33,Aug,8,3,2021
20210812,2021-08-12,Thu,33,Aug,8,3,2021
20210813,2021-08-13,Fri,33,Aug,8,3,2021
20210814,2021-08-14,Sat,33,Aug,8,3,2021
20210815,2021-08-15,Sun,34,Aug,8,3,2021
20210816,2021-08-16,Mon,34,Aug,8,3,2021
20210817,2021-08-17,Tue,34,Aug,8,3,2021
20210818,2021-08-18,Wed,34,Aug,8,3,2021
20210819,2021-08-19,Thu,34,Aug,8,3,2021
20210820,2021-08-20,Fri,34,Aug,8,3,2021
20210821,2021-08-21,Sat,34,Aug,8,3,2021
20210822,2021-08-22,Sun,35,Aug,8,3,2021
20210823,2021-08-23,Mon,35,Aug,8,3,2021
20210824,2021-08-24,Tue,35,Aug,8,3,2021
20210825,2021-08-25,Wed,35,Aug,8,3,2021
20210826,2021-08-26,Thu,35,Aug,8,3,2021
20210827,2021-08-27,Fri,35,Aug,8,3,2021
20210828,2021-08-28,Sat,35,Aug,8,3,2021
20210829,2021-08-29,Sun,36,Aug,8,3,2021
20210830,2021-08-30,Mon,36,Aug,8,3,2021
20210831,2021-08-31,Tue,36,Aug,8,3,2021
20210901,2021-09-01,Wed,36,Sep,9,3,2021
20210902,2021-09-02,Thu,36,Sep,9,3,2021
20210903,2021-09-03,Fri,36,Sep,9,3,2021
20210904,2021-09-04,Sat,36,Sep,9,3,2021
20210905,2021-09-05,Sun,37,Sep,9,3,2021
20210906,2021-09-06,Mon,37,Sep,9,3,2021
20210907,2021-09-07,Tue,37,Sep,9,3,2021
20210908,2021-09-08,Wed,37,Sep,9,3,2021
20210909,2021-09-09,Thu,37,Sep,9,3,2021
20210910,2021-09-10,Fri,37,Sep,9,3,2021
20210911,2021-09-11,Sat,37,Sep,9,3,2021
20210912,2021-09-12,Sun,38,Sep,9,3,2021
20210913,2021-09-13,Mon,38,Sep,9,3,2021
20210914,2021-09-14,Tue,38,Sep,9,3,2021
20210915,2021-09-15,Wed,38,Sep,9,3,2021
20210916,2021-09-16,Thu,38,Sep,9,3,2021
20210917,2021-09-17,Fri,38,Sep,9,3,2021
20210918,2021-09-18,Sat,38,Sep,9,3,2021
20210919,2021-09-19,Sun,39,Sep,9,3,2021
20210920,2021-09-20,Mon,39,Sep,9,3,2021
20210921,2021-09-21,Tue,39,Sep,9,3,2021
20210922,2021-09-22,Wed,39,Sep,9,3,2021
20210923,2021-09-23,Thu,39,Sep,9,3,2021
20210924,2021-09-24,Fri,39,Sep,9,3,2021
20210925,2021-09-25,Sat,39,Sep,9,3,2021
20210926,2021-09-26,Sun,40,Sep,9,3,2021
20210927,2021-09-27,Mon,40,Sep,9,3,2021
20210928,2021-09-28,Tue,40,Sep,9,3,2021
20210929,2021-09-29,Wed,40,Sep,9,3,2021
20210930,2021-09-30,Thu,40,Sep,9,3,2021
20211001,2021-10-01,Fri,40,Oct,10,4,2021
20211002,2021-10-02,Sat,40,Oct,10,4,2021
20211003,2021-10-03,Sun,41,Oct,10,4,2021
20211004,2021-10-04,Mon,41,Oct,10,4,2021
20211005,2021-10-05,Tue,41,Oct,10,4,2021
20211006,2021-10-06,Wed,41,Oct,10,4,2021
20211007,2021-10-07,Thu,41,Oct,10,4,2021
20211008,2021-10-08,Fri,41,Oct,10,4,2021
20211009,2021-10-09,Sat,41,Oct,10,4,2021
20211010,2021-10-10,Sun,42,Oct,10,4,2021
20211011,2021-10-11,Mon,42,Oct,10,4,2021
20211012,2021-10-12,Tue,42,Oct,10,4,2021
20211013,2021-10-13,Wed,42,Oct,10,4,2021
20211014,2021-10-14,Thu,42,Oct,10,4,2021
20211015,2021-10-15,Fri,42,Oct,10,4,2021
20211016,2021-10-16,Sat,42,Oct,10,4,2021
20211017,2021-10-17,Sun,43,Oct,10,4,2021
20211018,2021-10-18,Mon,43,Oct,10,4,2021
20211019,2021-10-19,Tue,43,Oct,10,4,2021
20211020,2021-10-20,Wed,43,Oct,10,4,2021
20211021,2021-10-21,Thu,43,Oct,10,4,2021
20211022,2021-10-22,Fri,43,Oct,10,4,2021
20211023,2021-10-23,Sat,43,Oct,10,4,2021
20211024,2021-10-24,Sun,44,Oct,10,4,2021
20211025,2021-10-25,Mon,44,Oct,10,4,2021
20211026,2021-10-26,Tue,44,Oct,10,4,2021
20211027,2021-10-27,Wed,44,Oct,10,4,2021
20211028,2021-10-28,Thu,44,Oct,10,4,2021
20211029,2021-10-29,Fri,44,Oct,10,4,2021
20211030,2021-10-30,Sat,44,Oct,10,4,2021
20211031,2021-10-31,Sun,45,Oct,10,4,2021
20211101,2021-11-01,Mon,45,Nov,11,4,2021
20211102,2021-11-02,Tue,45,Nov,11,4,2021
20211103,2021-11-03,Wed,45,Nov,11,4,2021
20211104,2021-11-04,Thu,45,Nov,11,4,2021
20211105,2021-11-05,Fri,45,Nov,11,4,2021
20211106,2021-11-06,Sat,45,Nov,11,4,2021
20211107,2021-11-07,Sun,46,Nov,11,4,2021
20211108,2021-11-08,Mon,46,Nov,11,4,2021
20211109,2021-11-09,Tue,46,Nov,11,4,2021
20211110,2021-11-10,Wed,46,Nov,11,4,2021
20211111,2021-11-11,Thu,46,Nov,11,4,2021
20211112,2021-11-12,Fri,46,Nov,11,4,2021
20211113,2021-11-13,Sat,46,Nov,11,4,2021
20211114,2021-11-14,Sun,47,Nov,11,4,2021
20211115,2021-11-15,Mon,47,Nov,11,4,2021
20211116,2021-11-16,Tue,47,Nov,11,4,2021
20211117,2021-11-17,Wed,47,Nov,11,4,2021
20211118,2021-11-18,Thu,47,Nov,11,4,2021
20211119,2021-11-19,Fri,47,Nov,11,4,2021
20211120,2021-11-20,Sat,47,Nov,11,4,2021
20211121,2021-11-21,Sun,48,Nov,11,4,2021
20211122,2021-11-22,Mon,48,Nov,11,4,2021
20211123,2021-11-23,Tue,48,Nov,11,4,2021
20211124,2021-11-24,Wed,48,Nov,11,4,2021
20211125,2021-11-25,Thu,48,Nov,11,4,2021
20211126,2021-11-26,Fri,48,Nov,11,4,2021
20211127,2021-11-27,Sat,48,Nov,11,4,2021
20211128,2021-11-28,Sun,49,Nov,11,4,2021
20211129,2021-11-29,Mon,49,Nov,11,4,2021
20211130,2021-11-30,Tue,49,Nov,11,4,2021
20211201,2021-12-01,Wed,49,Dec,12,4,2021
20211202,2021-12-02,Thu,49,Dec,12,4,2021
20211203,2021-12-03,Fri,49,Dec,12,4,2021
20211204,2021-12-04,Sat,49,Dec,12,4,2021
20211205,2021-12-05,Sun,50,Dec,12,4,2021
20211206,2021-12-06,Mon,50,Dec,12,4,2021
20211207,2021-12-07,Tue,50,Dec,12,4,2021
20211208,2021-12-08,Wed,50,Dec,12,4,2021
20211209,2021-12-09,Thu,50,Dec,12,4,2021
20211210,2021-12-10,Fri,50,Dec,12,4,2021
20211211,2021-12-11,Sat,50,Dec,12,4,2021
20211212,2021-12-12,Sun,51,Dec,12,4,2021
20211213,2021-12-13,Mon,51,Dec,12,4,2021
20211214,2021-12-14,Tue,51,Dec,12,4,2021
20211215,2021-12-15,Wed,51,Dec,12,4,2021
20211216,2021-12-16,Thu,51,Dec,12,4,2021
20211217,2021-12-17,Fri,51,Dec,12,4,2021
20211218,2021-12-18,Sat,51,Dec,12,4,2021
20211219,2021-12-19,Sun,52,Dec,12,4,2021
20211220,2021-12-20,Mon,52,Dec,12,4,2021
20211221,2021-12-21,Tue,52,Dec,12,4,2021
20211222,2021-12-22,Wed,52,Dec,12,4,2021
20211223,2021-12-23,Thu,52,Dec,12,4,2021
20211224,2021-12-24,Fri,52,Dec,12,4,2021
20211225,2021-12-25,Sat,52,Dec,12,4,2021
20211226,2021-12-26,Sun,53,Dec,12,4,2021
20211227,2021-12-27,Mon,53,Dec,12,4,2021
20211228,2021-12-28,Tue,53,Dec,12,4,2021
20211229,2021-12-29,Wed,53,Dec,12,4,2021
20211230,2021-12-30,Thu,53,Dec,12,4,2021
20211231,2021-12-31,Fri,53,Dec,12,4,2021
